DepartamentoDelPredio,MunicipioDelPredio,CodigoDANE,NumeroDeSolicitudes,NumeroDePredios,NumeroDeTitulares
Santander,San Benito,68673,2,2,2
Nariño,Chachagüí,52240,5,5,5
Santander,Rionegro,68615,290,279,228
Nariño,Ricaurte,52612,121,104,83
Cundinamarca,Silvania,25743,87,81,59
Antioquia,Anza,5044,21,21,17
Bolívar,Clemencia,13222,31,31,27
Risaralda,Mistrató,66456,111,105,90
Casanare,Trinidad,85430,98,85,68
Caldas,Pácora,17513,44,43,26
Tolima,Santa Isabel,73686,51,50,46
Cundinamarca,Caparrapí,25148,79,78,68
Cundinamarca,Bituima,25095,14,14,10
Quindío,Génova,63302,38,37,31
Antioquia,Barbosa,5079,55,49,38
Bolívar,Río Viejo,13600,57,53,51
Bolívar,San Fernando,13650,1,1,1
Tolima,Villarrica,73873,154,140,125
Vaupés,Taraira,97666,2,2,2
Nariño,Buesaco,52110,91,90,75
Antioquia,Betania,5091,67,65,46
Quindío,Montenegro,63470,7,7,5
Boyacá,Gachantivá,15293,2,2,2
Nariño,Cumbal,52227,52,50,36
Boyacá,Chiquinquirá,15176,2,2,2
Caldas,Neira,17486,11,11,11
Santander,Cabrera,68121,1,1,1
Atlántico,Malambo,8433,9,8,8
Cundinamarca,Anapoima,25035,6,6,6
Antioquia,Caldas,5129,16,11,12
Tolima,Coyaima,73217,342,296,216
Córdoba,Moñitos,23500,17,17,14
Cundinamarca,Sibaté,25740,7,7,6
Santander,Tona,68820,8,2,7
Antioquia,Hispania,5353,2,0,2
Huila,Timaná,41807,4,4,4
Nariño,Taminango,52786,18,18,11
Tolima,Espinal,73268,3,3,2
Nariño,El Rosario,52256,439,428,359
Huila,Nátaga,41483,46,31,43
Chocó,Lloró,27413,22,22,19
Cundinamarca,Tocancipá,25817,1,1,1
La Guajira,Dibulla,44090,299,286,261
Magdalena,Algarrobo,47030,36,36,30
La Guajira,El Molino,44110,69,59,64
Tolima,Carmen De Apicalá,73148,3,3,3
Bolívar,El Guamo,13248,59,54,41
Antioquia,San Pedro,5664,5,5,3
Boyacá,Chitaraque,15185,1,1,1
Boyacá,El Espino,15248,9,8,5
Antioquia,San Francisco,5652,229,215,161
Chocó,Bojayá,27099,59,56,48
Caldas,Aranzazu,17050,7,7,3
Boyacá,Arcabuco,15051,1,1,1
Caldas,Marmato,17442,11,11,9
Bolívar,Soplaviento,13760,3,3,3
Huila,Agrado,41013,9,9,5
Cundinamarca,Gachalá,25293,26,25,19
Caldas,Viterbo,17877,7,7,7
Antioquia,Belmira,5086,9,9,7
Amazonas,La Victoria,91430,6,6,4
Bolívar,Morales,13473,107,103,102
Huila,Tesalia,41797,7,7,6
Valle Del Cauca,La Unión,76400,21,21,14
Nariño,Ancuyá,52036,18,16,16
Risaralda,La Celia,66383,33,29,27
Tolima,Falán,73270,42,42,39
Santander,Hato,68344,11,11,9
Santander,Encino,68264,4,4,3
Tolima,Casabianca,73152,95,82,61
Cundinamarca,Guachetá,25317,1,1,1
Boyacá,Chivor,15236,19,19,5
Huila,Aipe,41016,32,32,30
Meta,Mesetas,50330,560,526,460
Risaralda,Dosquebradas,66170,23,22,19
Meta,Restrepo,50606,24,23,20
Cundinamarca,Uutica,25851,6,6,4
Córdoba,Chimá,23168,8,8,7
Tolima,Palocabildo,73520,53,51,46
Valle Del Cauca,Candelaria,76130,11,10,9
Cundinamarca,Granada,25312,10,10,6
Valle Del Cauca,Alcalá,76020,9,9,9
Santander,Simacota,68745,279,270,219
Norte Santander,Santiago,54680,11,8,8
Antioquia,Itaguí,5360,27,26,19
Córdoba,Chinú,23182,16,16,14
Norte Santander,Lourdes,54418,4,2,4
Valle Del Cauca,El Dovio,76250,155,146,88
Cundinamarca,Guayabal De Siquima,25328,20,20,19
Arauca,Puerto Rondón,81591,69,66,61
Santander,Puente Nacional,68572,5,4,5
Meta,Castilla La Nueva,50150,13,13,12
Atlántico,Juan De Acosta,8372,5,5,5
Antioquia,Caracolí,5142,4,4,4
Cundinamarca,Villapinzón,25873,6,6,4
Valle Del Cauca,Andalucía,76036,16,15,13
Meta,Uribe,50370,540,502,439
Antioquia,Cisneros,5190,3,3,3
Cauca,Puracé,19585,88,87,69
Valle Del Cauca,Bolívar,76100,328,316,204
Nariño,Francisco Pizarro,52520,50,41,34
Guainía,Morichal,94888,1,1,1
Córdoba,Ciénaga De Oro,23189,10,10,8
Cesar,Chimichagua,20175,197,184,159
Cauca,Santander De Quilichao,19698,212,205,190
Nariño,Contadero,52210,2,2,2
Cauca,Balboa,19075,134,127,118
Santander,Concepción,68207,26,21,14
Cauca,Timbío,19807,190,158,165
Cundinamarca,Villagómez,25871,9,9,6
Antioquia,Vigía Del Fuerte,5873,38,38,30
Santander,Contratación,68211,4,4,1
Tolima,Purificación,73585,51,44,46
Nariño,Mosquera,52473,50,37,34
Antioquia,La Estrella,5380,9,9,8
Caldas,San José,17665,5,5,5
La Guajira,Maicao,44430,72,67,57
Santander,Capitanejo,68147,8,7,7
Sucre,Buenavista,70110,23,22,23
Antioquia,Caicedo,5125,15,13,10
Boyacá,Berbeo,15090,10,7,8
Bolívar,Cicuco,13188,1,1,1
Risaralda,Belén De Umbría,66088,57,56,47
Nariño,Nariño,52480,1,1,1
Meta,San Carlos De Guaroa,50680,24,23,23
Huila,Acevedo,41006,97,96,84
Tolima,Natagaima,73483,306,245,229
Boyacá,Macanal,15425,7,7,4
Caldas,Palestina,17524,4,4,3
Quindío,Salento,63690,9,9,8
Sucre,Palmito,70523,11,10,11
Atlántico,Baranoa,8078,6,6,4
Atlántico,Santo Tomás,8685,2,2,2
Cesar,Gamarra,20295,42,39,35
Boyacá,Guateque,15322,8,8,7
Bolívar,Santa Catalina,13673,16,15,10
Boyacá,San Mateo,15673,9,9,6
Cesar,González,20310,2,2,2
Cundinamarca,Nimaima,25489,8,8,6
Antioquia,Guatapé,5321,22,21,16
Meta,Cumaral,50226,35,26,30
Cundinamarca,San Bernardo,25649,16,16,10
Quindío,La Tebaida,63401,10,10,8
Boyacá,Covarachía,15218,1,1,1
Antioquia,Andes,5034,32,30,29
Bolívar,María La Baja,13442,491,462,413
Cauca,Morales,19473,98,93,90
Cundinamarca,Une,25845,2,2,1
Córdoba,Pueblo Nuevo,23570,319,294,250
Magdalena,El Piñon,47258,176,176,153
Vaupés,Mitú,97001,58,56,49
Meta,Cubarral,50223,59,58,50
Cundinamarca,Carmen De Carupa,25154,1,1,0
Santander,Santa Helena Del Opón,68720,22,21,20
Cundinamarca,Zipaquirá,25899,9,6,6
Quindío,Calarcá,63130,32,29,30
Cundinamarca,Mosquera,25473,1,1,1
Santander,Jesús María,68368,6,6,4
Cundinamarca,Guasca,25322,5,4,3
Norte Santander,La Esperanza,54385,162,142,113
Nariño,Yacuanquer,52885,2,2,2
Santander,Carcasí,68152,3,3,3
Casanare,San Luis De Palenque,85325,81,52,64
Bolívar,San Cristóbal,13620,12,12,12
Meta,El Calvario,50245,34,34,23
Magdalena,Fundación,47288,419,339,364
Boyacá,Sogamoso,15759,4,4,3
Cundinamarca,Cogua,25200,1,1,1
Norte Santander,Arboledas,54051,72,67,47
Huila,Gigante,41306,99,90,86
Valle Del Cauca,Ginebra,76306,53,50,35
Norte Santander,Bucarasica,54109,32,31,27
Cauca,Timbiquí,19809,73,61,63
Córdoba,Montería,23001,1298,1212,1043
Nariño,Túquerres,52838,6,6,5
Bolívar,San Jacinto Del Cauca,13655,62,58,54
Huila,Santa María,41676,33,31,32
Cundinamarca,Supatá,25777,2,2,2
Córdoba,Cereté,23162,11,10,10
Norte Santander,Convención,54206,131,125,108
Boyacá,Villa De Leyva,15407,3,3,2
Antioquia,Olaya,5501,5,5,3
Boyacá,Turmequé,15835,1,1,1
Cundinamarca,Pasca,25535,27,27,21
Caldas,Manzanares,17433,44,40,29
Sucre,Sincé,70742,26,25,21
Sucre,San Benito Abad,70678,101,82,82
Cauca,Villa Rica,19845,6,6,6
Antioquia,Caramanta,5145,21,14,20
Cundinamarca,San Cayetano,25653,10,4,10
Cundinamarca,La Mesa,25386,9,6,9
Valle Del Cauca,Trujillo,76828,371,343,256
Cesar,San Martín,20770,235,220,186
Huila,Pital,41548,3,3,3
Antioquia,Cocorná,5197,323,282,225
Santander,Cerrito,68162,4,4,3
Nariño,La Llanada,52385,89,87,84
Santander,Páramo,68533,1,1,1
Magdalena,Cerro San Antonio,47161,20,20,14
Meta,La Macarena,50350,580,567,496
Boyacá,Pisba,15550,10,10,9
Cundinamarca,Fusagasugá,25290,38,35,28
Huila,Hobo,41349,13,13,12
Córdoba,Momil,23464,1,1,1
Nariño,Pupiales,52585,1,1,1
Chocó,San José Del Palmar,27660,197,187,146
Huila,Villavieja,41872,42,38,37
Antioquia,Don Matías,5237,7,7,5
Cundinamarca,Apulo,25599,10,10,9
Bolívar,El Peñón,13268,6,6,6
Cundinamarca,Tenjo,25799,2,2,1
Norte Santander,Labateca,54377,8,8,6
Nariño,Guachucal,52317,3,3,2
Bolívar,Turbaná,13838,46,43,28
Guainía,Mapiripana,94663,13,13,7
Nariño,Potosí,52560,13,12,12
Valle Del Cauca,San Pedro,76670,77,59,64
Norte Santander,La Playa,54398,30,29,27
Boyacá,Jenesano,15367,1,1,0
Guainía,Puerto Colombia,94884,1,1,1
Cauca,Guachené,19300,2,2,2
Bolívar,El Carmen De Bolívar,13244,2590,2238,2295
Antioquia,Gómez Plata,5310,20,20,17
Bolívar,Córdoba,13212,284,263,251
Santander,La Belleza,68377,16,15,15
Santander,Florián,68271,6,6,6
Cundinamarca,El Peñón,25258,73,73,58
Cundinamarca,Junín,25372,10,9,6
Nariño,Tangua,52788,208,192,158
Cauca,Almaguer,19022,92,82,76
Santander,Gambita,68298,7,7,6
Huila,Colombia,41206,125,120,112
Norte Santander,Pamplonita,54520,3,3,1
Valle Del Cauca,La Cumbre,76377,52,49,37
Norte Santander,Gramalote,54313,3,3,3
Tolima,Flandes,73275,5,5,3
Antioquia,Pueblorrico,5576,16,16,14
Bolívar,Zambrano,13894,362,337,313
Santander,Villanueva,68872,2,2,2
Bolívar,Arroyohondo,13062,13,12,11
Risaralda,Marsella,66440,4,4,4
Meta,El Dorado,50270,258,201,194
Huila,Tarqui,41791,9,9,9
Boyacá,Guouicán,15332,18,18,12
Cundinamarca,San Antonio Del Tequendama,25645,2,2,2
Nariño,El Peñol,52254,22,21,18
Santander,Piedecuesta,68547,33,30,31
Nariño,San Pedro De Cartago,52694,6,6,4
Cundinamarca,Tabio,25785,1,0,1
Boyacá,Floresta,15276,1,1,1
Casanare,Nunchía,85225,82,73,67
Boyacá,Maripí,15442,11,7,6
Cauca,Argelia,19050,350,309,287
Cauca,Totoró,19824,85,82,83
Quindío,Córdoba,63212,18,16,17
Magdalena,San Sebastián De Buenavista,47692,14,13,11
Santander,San Joaquín,68682,4,4,3
Bolívar,Magangué,13430,30,29,25
Santander,Macaravita,68425,30,30,24
Boyacá,Almeida,15022,3,3,2
Caquetá,Cartagena Del Chairá,18150,1011,980,948
Boyacá,Muzo,15480,23,19,19
Huila,Yaguará,41885,1,1,1
Santander,Confines,68209,1,1,1
Santander,San Gil,68679,3,3,3
Santander,Chipatá,68179,2,2,2
Boyacá,Santa María,15690,3,3,2
Cauca,Miranda,19455,56,56,53
Boyacá,Santa Sofía,15696,1,1,1
Vichada,Cumaribo,99773,949,915,771
Nariño,La Florida,52381,25,23,24
Caquetá,Florencia,18001,633,584,514
Boyacá,Tununguá,15832,1,1,1
Boyacá,Boavita,15097,1,1,1
Boyacá,Pesca,15542,6,5,6
Amazonas,El Encanto,91263,8,7,5
Sucre,Sampués,70670,8,8,6
Nariño,San Bernardo,52685,8,7,6
Antioquia,Heliconia,5347,81,61,58
Cundinamarca,La Vega,25402,5,4,3
Valle Del Cauca,Yotoco,76890,18,18,14
Antioquia,Armenia,5059,22,22,16
Santander,Los Santos,68418,5,2,4
Cauca,Florencia,19290,13,11,12
Boyacá,Campohermoso,15135,5,5,4
Cundinamarca,Facatativá,25269,2,2,1
Santander,Girón,68307,85,79,69
Caldas,Victoria,17867,60,58,52
Cundinamarca,Tena,25797,4,4,4
Antioquia,Uramita,5842,46,35,27
Boyacá,Ramiriquí,15599,5,5,1
Sucre,La Unión,70400,3,3,3
Nariño,Policarpa,52540,625,615,471
Casanare,La Salina,85136,7,7,6
Bolívar,Talaigua Nuevo,13780,5,4,5
Antioquia,Santo Domingo,5690,74,73,60
Santander,Santa Bárbara,68705,3,3,2
Boyacá,Umbita,15842,3,3,0
Valle Del Cauca,Ansermanuevo,76041,15,14,12
Cundinamarca,Funza,25286,5,5,5
Santander,Suaita,68770,14,14,12
Antioquia,El Santuario,5697,25,24,21
Cesar,Astrea,20032,71,70,58
Huila,La Plata,41396,87,84,74
Meta,San Juanito,50686,19,17,13
Cundinamarca,Cota,25214,4,4,4
Cundinamarca,Fomeque,25279,10,10,8
Córdoba,San Pelayo,23686,4,4,4
Antioquia,Támesis,5789,78,74,46
Cundinamarca,Cachipay,25123,2,2,2
Sucre,Caimito,70124,5,5,5
Santander,Coromoro,68217,7,7,6
Cundinamarca,Guatavita,25326,1,1,0
Cauca,San Sebastián,19693,51,38,44
Atlántico,Soledad,8758,19,18,14
Guainía,San Felipe,94883,4,4,4
Antioquia,Sabanalarga,5628,33,33,18
Huila,La Argentina,41378,19,19,17
Caldas,Belalcázar,17088,12,11,9
Casanare,Villanueva,85440,42,41,29
Cundinamarca,La Calera,25377,5,5,3
Cauca,Corinto,19212,100,91,89
Cauca,Padilla,19513,8,8,8
Cundinamarca,Gutiérrez,25339,12,12,7
Valle Del Cauca,Caicedonia,76122,9,9,7
Quindío,Circasia,63190,5,5,4
Santander,Enciso,68266,4,0,4
Santander,Sucre,68773,24,22,19
Antioquia,Puerto Triunfo,5591,83,79,38
Bolívar,Achí,13006,118,113,106
Valle Del Cauca,Obando,76497,32,23,27
Antioquia,Peque,5543,44,40,28
Quindío,Pijao,63548,8,8,7
Antioquia,Alejandría,5021,39,37,28
Atlántico,Manatí,8436,12,12,12
Boyacá,Susacón,15774,4,4,4
Bolívar,San Pablo,13670,270,244,206
Antioquia,San Jerónimo,5656,23,22,19
Sucre,Sucre,70771,65,65,55
Quindío,Buenavista,63111,2,2,2
Santander,Cimitarra,68190,373,353,298
Atlántico,Tubará,8832,73,54,66
Cundinamarca,Ricaurte,25612,5,5,2
Atlántico,Suan,8770,3,3,2
Huila,Elías,41244,2,2,1
Antioquia,Venecia,5861,8,8,5
Valle Del Cauca,Guadalajara De Buga,76111,229,213,186
Boyacá,Chita,15183,20,20,17
Nariño,Cuaspud,52224,3,3,3
Huila,Guadalupe,41319,32,31,28
Córdoba,Tuchín,23815,2,1,0
Putumayo,Colón,86219,6,6,5
Valle Del Cauca,Guacarí,76318,20,18,17
Boyacá,Jericó,15368,4,4,4
Cundinamarca,Pandi,25524,16,16,12
Chocó,El Cantón Del San Pablo,27135,6,6,6
Huila,Teruel,41801,14,12,13
Santander,Guadalupe,68320,2,2,2
Cundinamarca,Agua De Dios,25001,5,5,4
Boyacá,La Victoria,15401,4,1,4
Antioquia,Murindó,5475,12,11,11
Boyacá,San Pablo De Borbur,15681,21,19,18
Bolívar,Arjona,13052,128,42,118
Cundinamarca,San Francisco,25658,8,8,2
Norte Santander,Herrán,54347,2,2,1
Antioquia,Concordia,5209,32,32,27
Antioquia,Carolina,5150,1,1,1
Chocó,Unguía,27800,252,219,193
Cundinamarca,Chocontá,25183,1,1,1
Antioquia,Copacabana,5212,21,18,21
Boyacá,Panqueba,15522,2,2,1
Tolima,Melgar,73449,15,13,10
Antioquia,MEDELLÍN,5001,1107,1012,899
Vaupés,Pacoa,97511,13,13,13
Cundinamarca,Girardot,25307,8,8,6
Antioquia,Ciudad Bolívar,5101,57,56,37
Valle Del Cauca,Palmira,76520,138,134,123
La Guajira,Uribia,44847,3,3,2
Antioquia,Betulia,5093,81,73,52
Boyacá,Samacá,15646,1,1,1
Caldas,Supía,17777,24,21,23
Caldas,Marulanda,17446,37,34,25
Cundinamarca,Nariño,25483,3,2,2
Córdoba,Valencia,23855,1055,957,898
Norte Santander,Cucutilla,54223,17,17,11
Nariño,Aldana,52022,3,3,1
Antioquia,Liborina,5411,4,3,4
Antioquia,Jericó,5368,7,7,7
Cundinamarca,Caqueza,25151,9,9,5
Tolima,Suárez,73770,20,20,6
Norte Santander,Salazar,54660,20,18,18
Sucre,Coveñas,70221,6,5,5
Sucre,San Juan De Betulia,70702,19,19,16
Huila,Pitalito,41551,89,86,74
Nariño,San Pablo,52693,81,81,64
Boyacá,San Eduardo,15660,4,4,2
Vaupés,Yavaraté,97889,1,1,1
Santander,Oiba,68500,8,8,7
Antioquia,Retiro,5607,16,16,10
Cundinamarca,Soacha,25754,55,50,49
Bolívar,Villanueva,13873,115,103,101
Cundinamarca,Viotá,25878,129,121,108
Boyacá,Buenavista,15109,1,1,1
Cundinamarca,Villeta,25875,7,7,7
Huila,Altamira,41026,5,5,4
Boyacá,Viracachá,15879,1,1,1
Santander,Puerto Wilches,68575,214,200,170
Córdoba,San Bernardo Del Viento,23675,16,15,14
Santander,Guaca,68318,13,13,11
Boyacá,Soatá,15753,1,1,1
Boyacá,Mongua,15464,10,10,7
Bolívar,Tiquisio,13810,118,107,101
Antioquia,Concepción,5206,33,33,27
Antioquia,Tarazá,5790,578,549,497
Cundinamarca,Quebradanegra,25592,8,8,8
Bogotá D.C.,Bogotá,11001,379,346,279
Norte Santander,Ragonvalia,54599,13,12,8
Antioquia,Entrerrios,5264,12,12,5
Cundinamarca,Nilo,25488,5,5,4
Valle Del Cauca,La Victoria,76403,4,3,4
Cundinamarca,Albán,25019,13,13,11
Atlántico,Puerto Colombia,8573,9,9,8
Santander,Barbosa,68077,9,9,7
Boyacá,Páez,15514,83,76,71
Santander,Vélez,68861,22,20,17
Córdoba,Puerto Libertador,23580,204,190,163
Norte Santander,Silos,54743,2,2,2
Valle Del Cauca,Riofrío,76616,158,148,112
Sucre,Majagual,70429,87,83,80
Bolívar,Cantagallo,13160,123,113,108
Casanare,Recetor,85279,17,16,15
Huila,Palestina,41530,16,13,14
Casanare,Yopal,85001,116,96,105
Antioquia,San Pedro de Urabá,5665,453,414,286
Antioquia,Yalí,5885,48,36,34
Magdalena,Concordia,47205,5,5,4
Valle Del Cauca,Ulloa,76845,8,3,7
Cundinamarca,San Juan De Río Seco,25662,54,51,41
Cundinamarca,Anolaima,25040,11,11,7
Huila,Neiva,41001,222,213,202
Antioquia,San Rafael,5667,269,232,200
Huila,Rivera,41615,24,23,21
Cesar,Agustín Codazzi,20013,708,561,538
Antioquia,San José De La Montaña,5658,2,2,2
Tolima,Planadas,73555,443,403,381
Cundinamarca,Beltrán,25086,13,13,8
Valle Del Cauca,El Aguila,76243,30,30,26
Huila,Paicol,41518,4,4,4
Nariño,Pasto,52001,487,438,350
Cundinamarca,Simijaca,25745,3,3,3
Risaralda,Pereira,66001,63,59,53
Vichada,La Primavera,99524,130,127,117
Atlántico,Palmar De Varela,8520,2,2,1
Cauca,Toribio,19821,55,54,48
Magdalena,Santa Bárbara De Pinto,47720,6,5,3
Sucre,Galeras,70235,133,130,123
Cauca,Piendamó,19548,40,35,34
Cundinamarca,Topaipí,25823,71,67,56
Santander,San Miguel,68686,23,19,12
Santander,La Paz,68397,14,9,8
Atlántico,Candelaria,8141,1,1,1
Atlántico,Campo De La Cruz,8137,4,4,1
Caldas,Marquetalia,17444,32,32,27
Magdalena,Santa Ana,47707,130,116,95
Cauca,Santa Rosa,19701,374,355,328
Cundinamarca,Jerusalén,25368,10,9,9
Valle Del Cauca,Pradera,76563,135,120,116
Antioquia,Angostura,5038,54,43,37
Quindío,Quimbaya,63594,3,2,3
Boyacá,Paipa,15516,7,7,6
Norte Santander,Teorama,54800,104,95,89
Chocó,Tadó,27787,229,216,205
Nariño,Córdoba,52215,7,7,6
Santander,Charta,68169,20,17,19
Antioquia,Tarso,5792,17,11,15
Cundinamarca,El Colegio,25245,10,10,7
Valle Del Cauca,Zarzal,76895,26,26,11
Antioquia,Maceo,5425,99,88,84
Magdalena,Pivijay,47551,802,549,625
Cundinamarca,Choachí,25181,6,6,4
Cundinamarca,Gama,25299,4,4,2
Chocó,Bagadó,27073,108,106,91
Cundinamarca,Villa De San Diego De Ubaté,25843,2,2,2
Antioquia,San Vicente,5674,23,22,19
Boyacá,Chiscas,15180,15,15,13
Antioquia,San Andrés,5647,67,52,53
Antioquia,La Unión,5400,47,26,33
Amazonas,La Chorrera,91405,1,1,1
Boyacá,Moniquirá,15469,1,1,1
Cundinamarca,Gachetá,25297,5,5,4
Cundinamarca,Venecia,25506,51,48,41
Guaviare,Calamar,95015,207,201,181
Nariño,La Cruz,52378,29,25,22
Chocó,Sipí,27745,28,27,23
Amazonas,Miriti - Paraná,91460,1,1,1
Meta,El Castillo,50251,562,460,441
Boyacá,El Cocuy,15244,5,5,3
Cundinamarca,Quetame,25594,7,7,7
Cundinamarca,Ubaque,25841,7,7,3
Guaviare,Miraflores,95200,842,813,672
Antioquia,Rionegro,5615,18,17,14
Cauca,Caloto,19142,68,56,57
Putumayo,Santiago,86760,116,116,111
Santander,Guouepsa,68327,1,1,1
Norte Santander,Ocaña,54498,251,229,197
Cundinamarca,Chaguaní,25168,93,89,34
Atlántico,Polonuevo,8558,5,4,4
Guainía,Inírida,94001,15,15,15
Cesar,Pelaya,20550,448,393,357
Caquetá,Milán,18460,200,191,176
Cundinamarca,Cajicá,25126,5,5,3
Boyacá,Guayatá,15325,4,4,4
Valle Del Cauca,Argelia,76054,6,6,6
Santander,Mogotes,68464,11,10,11
Bolívar,Arenal,13042,36,31,33
Boyacá,Tipacoque,15810,1,1,1
Caldas,La Merced,17388,23,20,14
San Andrés,San Andrés,88001,2,2,1
Caldas,Manizales,17001,52,51,40
Cundinamarca,Cabrera,25120,28,26,26
Santander,Onzaga,68502,6,6,6
Antioquia,Abriaquí,5004,15,12,7
Antioquia,Puerto Nare,5585,62,61,50
Bolívar,Altos Del Rosario,13030,46,40,37
Córdoba,San Carlos,23678,9,9,8
La Guajira,Hatonuevo,44378,6,6,5
Atlántico,Sabanagrande,8634,4,4,4
Antioquia,Santa Rosa De Osos,5686,25,24,20
Nariño,San Lorenzo,52687,38,34,34
Antioquia,Guarne,5318,46,45,29
Tolima,Saldaña,73671,20,20,11
Santander,Aratoca,68051,1,1,1
Cundinamarca,Sesquilé,25736,5,4,3
Cundinamarca,Nocaima,25491,2,1,2
Tolima,Anzoátegui,73043,178,146,164
Guainía,Barranco Minas,94343,44,39,39
Caquetá,La Montañita,18410,449,417,413
Tolima,Rovira,73624,293,249,229
La Guajira,Manaure,44560,1,1,1
Antioquia,Ituango,5361,366,324,258
Meta,Barranca De Upía,50110,34,30,26
Cauca,Rosas,19622,124,114,117
Valle Del Cauca,Sevilla,76736,91,84,69
Cundinamarca,Vianí,25867,8,8,5
Boyacá,San Luis De Gaceno,15667,17,17,13
Huila,Iquira,41357,66,63,61
Tolima,Honda,73349,17,6,13
Cundinamarca,Arbeláez,25053,72,56,45
Cauca,Paez,19517,121,115,97
Tolima,Coello,73200,2,2,2
Cundinamarca,Manta,25436,5,5,2
Meta,Lejanías,50400,178,162,152
Huila,Isnos,41359,57,50,47
Santander,Socorro,68755,2,1,2
Quindío,Filandia,63272,2,2,2
Nariño,Roberto Payán,52621,177,166,122
Caldas,Filadelfia,17272,19,19,17
Antioquia,San Roque,5670,248,229,175
Valle Del Cauca,Toro,76823,15,15,12
Tolima,Alvarado,73026,92,82,73
Córdoba,Cotorra,23300,3,3,2
Amazonas,Puerto Arica,91536,5,5,2
Magdalena,Nueva Granada,47460,32,28,26
Nariño,El Tablón De Gómez,52258,1235,1215,942
Sucre,Coloso,70204,257,199,207
Santander,Cepitá,68160,3,3,1
Cundinamarca,Guayabetal,25335,29,24,17
Norte Santander,Tibú,54810,2055,1878,1485
Antioquia,Valdivia,5854,137,121,113
Boyacá,Briceño,15106,6,6,3
Norte Santander,Durania,54239,11,10,7
Casanare,Tauramena,85410,158,142,117
Nariño,Olaya Herrera,52490,91,84,74
Córdoba,Los Córdobas,23419,18,17,17
Magdalena,San Zenón,47703,6,6,4
Boyacá,Caldas,15131,2,2,2
Norte Santander,San Cayetano,54673,7,7,7
Boyacá,Guacamayas,15317,1,1,1
Nariño,El Tambo,52260,25,25,18
Córdoba,Purísima,23586,3,3,3
Antioquia,Sopetrán,5761,12,12,10
Nariño,Iles,52352,1,1,1
Antioquia,Ebéjico,5240,8,7,7
Santander,San Andrés,68669,12,12,11
Sucre,Tolú Viejo,70823,132,126,113
Meta,Fuente De Oro,50287,125,87,75
Tolima,Villahermosa,73870,159,153,132
Boyacá,Cubará,15223,14,13,12
Nariño,Arboleda,52051,3,3,1
Antioquia,Titiribí,5809,3,3,3
Cundinamarca,Puerto Salgar,25572,34,33,24
Boyacá,Belén,15087,1,1,1
Boyacá,Otanche,15507,50,40,36
Cauca,Suárez,19780,92,90,81
Santander,Málaga,68432,7,6,7
Córdoba,San Antero,23672,6,6,5
Cundinamarca,Ubalá,25839,33,32,19
Cauca,Jambaló,19364,14,14,14
Cundinamarca,Guataquí,25324,12,7,11
Sucre,Chalán,70230,158,98,135
Antioquia,Giraldo,5306,20,20,20
Nariño,Tumaco,52835,1760,1578,1380
Atlántico,Ponedera,8560,134,101,38
Boyacá,Paya,15533,33,30,29
Chocó,El Litoral Del San Juan,27250,28,27,24
Atlántico,Luruaco,8421,15,15,9
Cundinamarca,La Palma,25394,998,852,575
Antioquia,Sonsón,5756,569,414,344
Tolima,Ibagué,73001,358,324,295
Santander,Albania,68020,15,13,12
Caquetá,Morelia,18479,80,77,71
Sucre,El Roble,70233,29,27,25
Norte Santander,Puerto Santander,54553,7,6,7
Cauca,Piamonte,19533,422,411,387
Cundinamarca,Chía,25175,13,13,4
Antioquia,Carepa,5147,265,252,222
La Guajira,Distracción,44098,64,57,53
Caldas,Samaná,17662,1190,1047,954
Bolívar,Simití,13744,226,202,162
Cundinamarca,Guaduas,25320,30,26,19
Magdalena,El Retén,47268,19,12,19
Cauca,Puerto Tejada,19573,17,15,16
Cauca,Inzá,19355,73,69,69
Caldas,Risaralda,17616,15,13,15
Putumayo,Puerto Asís,86568,878,838,788
Antioquia,Yolombó,5890,132,123,97
Cauca,Bolívar,19100,312,302,227
Cauca,La Sierra,19392,97,85,87
Risaralda,Apía,66045,44,43,33
Antioquia,Envigado,5266,13,13,13
Meta,Villavicencio,50001,265,247,175
Sucre,Corozal,70215,39,14,37
Cundinamarca,Pacho,25513,118,118,61
Cundinamarca,Sasaima,25718,26,22,23
Tolima,Valle De San Juan,73854,194,175,136
Santander,Suratá,68780,42,39,29
Nariño,Guaitarilla,52320,7,6,5
Magdalena,Zapayán,47960,44,25,30
Cesar,San Alberto,20710,495,445,361
Risaralda,La Virginia,66400,6,6,6
Nariño,La Tola,52390,27,26,22
Cesar,El Paso,20250,108,108,85
Amazonas,La Pedrera,91407,3,3,1
Sucre,San Onofre,70713,370,336,286
Cesar,La Paz,20621,269,228,219
Boyacá,Socotá,15755,92,60,32
Putumayo,Sibundoy,86749,10,9,9
Santander,Guavatá,68324,4,4,3
Nariño,Consaca,52207,24,23,15
Norte Santander,Pamplona,54518,9,9,5
La Guajira,Riohacha,44001,314,286,265
Magdalena,Ariguaní,47058,106,89,85
Cauca,Mercaderes,19450,95,92,78
Antioquia,Frontino,5284,194,160,137
Antioquia,Marinilla,5440,11,11,10
Antioquia,Remedios,5604,269,263,196
Santander,Puerto Parra,68573,152,142,126
Córdoba,Puerto Escondido,23574,35,27,28
Caldas,La Dorada,17380,75,67,49
Chocó,Cértegui,27160,14,13,11
Boyacá,Pauna,15531,18,12,14
Norte Santander,Abrego,54003,266,233,223
Tolima,Mariquita,73443,59,57,55
Santander,Matanza,68444,75,64,61
Valle Del Cauca,Cartago,76147,29,29,24
Putumayo,San Francisco,86755,59,58,58
Córdoba,Montelíbano,23466,304,259,241
Antioquia,Peñol,5541,33,28,29
Arauca,Cravo Norte,81220,82,79,63
Magdalena,Aracataca,47053,541,507,456
Santander,Chima,68176,11,11,10
Putumayo,Puerto Leguízamo,86573,505,483,445
Santander,San José De Miranda,68684,1,1,1
Nariño,Belén,52083,13,13,12
Quindío,Armenia,63001,39,39,23
Boyacá,Labranzagrande,15377,54,54,49
Caldas,Pensilvania,17541,497,472,398
Atlántico,Sabanalarga,8638,19,14,14
Antioquia,Argelia,5055,428,341,254
Tolima,Guamo,73319,16,16,13
Tolima,Murillo,73461,36,29,28
Caquetá,El Paujil,18256,120,88,113
Sucre,Sincelejo,70001,83,68,78
Boyacá,Aquitania,15047,64,62,43
Antioquia,Amagá,5030,15,15,11
Norte Santander,Chitagá,54174,65,62,39
Cundinamarca,La Peña,25398,34,33,31
Nariño,Santacruz,52699,90,80,71
Valle Del Cauca,Vijes,76869,17,16,16
Risaralda,Santa Rosa De Cabal,66682,10,10,8
La Guajira,Fonseca,44279,44,42,41
Norte Santander,Villa Del Rosario,54874,59,58,48
Valle Del Cauca,El Cairo,76246,48,41,40
Chocó,Carmen del Darién,27150,119,108,93
Casanare,Sabanalarga,85300,40,27,18
Atlántico,Barranquilla,8001,178,173,138
Magdalena,Chibolo,47170,468,430,381
Cundinamarca,Tibacuy,25805,29,28,24
Casanare,Chameza,85015,22,22,20
Cauca,Buenos Aires,19110,161,153,143
Antioquia,El Bagre,5250,826,781,722
Córdoba,Buenavista,23079,28,26,23
Valle Del Cauca,El Cerrito,76248,32,32,28
Santander,Galán,68296,8,8,8
Caquetá,Belén De Los Andaquies,18094,165,156,153
Casanare,Paz De Ariporo,85250,109,99,98
Bolívar,Mompós,13468,16,16,15
Chocó,Condoto,27205,32,29,30
Nariño,Colón,52203,70,66,62
Valle Del Cauca,Tuluá,76834,578,486,466
Tolima,Icononzo,73352,123,95,106
Huila,Campoalegre,41132,48,40,42
Cauca,Sucre,19785,53,40,49
Córdoba,Lorica,23417,21,18,18
Antioquia,Jardín,5364,8,6,7
Bolívar,Hatillo De Loba,13300,13,12,11
Boyacá,Quípama,15580,34,31,25
Santander,El Peñón,68250,69,66,56
Nariño,Linares,52411,41,41,35
Córdoba,San Andrés Sotavento,23670,5,5,4
Valle Del Cauca,Yumbo,76892,9,8,9
Norte Santander,San Calixto,54670,97,93,83
Caquetá,El Doncello,18247,148,143,127
Caquetá,Albania,18029,41,41,38
Chocó,Riosucio,27615,1535,1390,1228
Antioquia,Abejorral,5002,74,65,63
Atlántico,Piojó,8549,91,72,82
Antioquia,Guadalupe,5315,10,10,8
Huila,Palermo,41524,42,41,40
Putumayo,Puerto Guzmán,86571,1414,1346,1273
Bolívar,Norosí,13490,30,28,29
Caquetá,Valparaíso,18860,301,273,259
Casanare,Maní,85139,157,123,124
Sucre,Morroa,70473,478,369,389
Chocó,Medio Atrato,27425,50,41,40
Santander,Lebríja,68406,171,158,137
Santander,Barrancabermeja,68081,747,723,614
Norte Santander,Cúcuta,54001,716,682,525
Casanare,Hato Corozal,85125,135,124,117
Tolima,Cajamarca,73124,82,51,69
Valle Del Cauca,Florida,76275,72,71,55
Nariño,Magüi,52427,132,118,103
Antioquia,Angelópolis,5036,17,17,14
Valle Del Cauca,Versalles,76863,18,17,16
Santander,Valle De San José,68855,1,1,1
Valle Del Cauca,Calima,76126,120,101,106
Antioquia,Bello,5088,188,156,134
Norte Santander,Cachirá,54128,79,73,65
Cundinamarca,Tocaima,25815,10,10,8
Magdalena,Sabanas de San Ángel,47660,507,456,420
Putumayo,Villa Garzón,86885,690,660,591
Boyacá,Zetaquira,15897,3,3,3
Nariño,Samaniego,52678,121,114,106
Magdalena,Puebloviejo,47570,281,222,247
Tolima,Piedras,73547,29,27,22
Nariño,Los Andes,52418,597,581,451
Cundinamarca,Fosca,25281,10,10,4
Nariño,Sandoná,52683,12,12,11
Huila,Saladoblanco,41660,42,35,37
Meta,Cabuyaro,50124,58,34,48
Magdalena,Salamina,47675,137,128,123
La Guajira,Albania,44035,26,25,23
Guaviare,El Retorno,95025,275,262,235
Boyacá,Tunja,15001,2,2,2
Huila,Suaza,41770,36,32,35
Santander,Charalá,68167,7,6,6
Casanare,Orocué,85230,138,122,117
Huila,Oporapa,41503,17,16,17
Caldas,Chinchiná,17174,13,13,5
Nariño,Albán,52019,209,207,162
Nariño,Funes,52287,14,12,13
Antioquia,Cañasgordas,5138,129,119,91
Chocó,El Carmen De Atrato,27245,186,166,168
Meta,San Martín,50689,267,238,187
Sucre,Santiago De Tolú,70820,40,35,31
Antioquia,Santafé De Antioquia,5042,30,27,16
Cauca,Patía,19532,259,246,231
Santander,Bucaramanga,68001,67,61,41
Meta,Puerto Lleras,50577,444,387,322
Meta,Guamal,50318,31,25,28
Antioquia,Cáceres,5120,991,886,862
La Guajira,San Juan Del Cesar,44650,71,68,64
Cundinamarca,Medina,25438,182,176,119
Bolívar,Cartagena,13001,201,179,190
Putumayo,Puerto Caicedo,86569,679,661,610
Córdoba,Sahagún,23660,9,9,6
Chocó,Atrato,27050,10,10,8
Caldas,Riosucio,17614,78,76,66
Tolima,Roncesvalles,73622,151,134,133
Boyacá,Pajarito,15518,42,23,31
La Guajira,Urumita,44855,27,25,23
Bolívar,Santa Rosa Del Sur,13688,134,130,116
Cesar,La Jagua De Ibirico,20400,551,470,451
Amazonas,Puerto Alegría,91530,4,4,3
Chocó,Acandí,27006,168,143,131
Santander,Landázuri,68385,85,79,69
Caquetá,San Vicente Del Caguán,18753,991,875,863
Meta,Puerto López,50573,295,213,222
Cundinamarca,Chipaque,25178,12,12,6
Antioquia,Briceño,5107,100,95,60
Norte Santander,Toledo,54820,35,34,32
Valle Del Cauca,Cali,76001,317,277,249
Cauca,Popayán,19001,214,192,191
Magdalena,Pijiño Del Carmen,47545,26,22,18
Bolívar,San Martín De Loba,13667,93,92,85
Nariño,Leiva,52405,127,123,112
Chocó,Istmina,27361,68,68,49
Norte Santander,El Tarra,54250,189,174,158
Antioquia,Turbo,5837,2760,2539,2088
Meta,Puerto Concordia,50450,251,236,216
Antioquia,El Carmen De Viboral,5148,169,152,109
Antioquia,Zaragoza,5895,262,258,210
Santander,Aguada,68013,5,5,4
Nariño,Cumbitara,52233,224,212,183
Antioquia,La Pintada,5390,10,9,7
Bolívar,Calamar,13140,125,111,116
Putumayo,Valle Del Guamuez,86865,2043,1965,1707
Valle Del Cauca,Roldanillo,76622,44,42,26
Meta,Acacías,50006,295,279,220
Antioquia,Nariño,5483,222,192,171
Cauca,Silvia,19743,40,37,38
Cesar,Becerril,20045,550,434,459
Antioquia,Campamento,5134,41,37,27
Cesar,Manaure,20443,67,59,61
Risaralda,Balboa,66075,7,7,5
Magdalena,Pedraza,47541,13,13,13
Guaviare,San José Del Guaviare,95001,919,878,772
Antioquia,San Carlos,5649,1949,1847,1378
Amazonas,Puerto Santander,91669,18,15,15
Arauca,Tame,81794,494,463,396
Caldas,Aguadas,17013,63,55,55
Valle Del Cauca,Buenaventura,76109,932,877,711
Tolima,Herveo,73347,60,58,52
Arauca,Arauquita,81065,383,348,320
Chocó,Nuquí,27495,18,17,15
Risaralda,Quinchía,66594,333,322,252
Valle Del Cauca,Bugalagrande,76113,350,279,238
Norte Santander,El Carmen,54245,175,163,134
Cesar,El Copey,20238,684,630,542
Santander,El Guacamayo,68245,1,1,1
Chocó,Medio Baudó,27430,40,34,36
Casanare,Aguazul,85010,146,121,116
Norte Santander,Los Patios,54405,39,39,31
Tolima,San Antonio,73675,290,228,240
Cesar,Pueblo Bello,20570,238,219,185
Cauca,Cajibío,19130,645,623,574
Huila,Tello,41799,92,84,85
Casanare,Pore,85263,106,98,98
Tolima,Lérida,73408,205,193,152
Antioquia,Anorí,5040,130,122,102
Cundinamarca,Quipile,25596,69,68,39
Caldas,Norcasia,17495,58,50,41
Magdalena,Plato,47555,271,238,220
Córdoba,Ayapel,23068,134,127,118
Cauca,López,19418,131,112,110
Sucre,Guaranda,70265,36,34,28
Magdalena,Zona Bananera,47980,402,211,361
Sucre,Los Palmitos,70418,178,166,148
Tolima,Líbano,73411,492,436,366
Antioquia,San Juan De Urabá,5659,39,38,35
Sucre,San Pedro,70717,111,106,98
Bolívar,Pinillos,13549,21,16,19
Santander,Bolívar,68101,87,86,73
Caldas,Salamina,17653,108,91,62
Cundinamarca,Vergara,25862,22,20,18
Norte Santander,Sardinata,54720,342,325,279
Tolima,Armero,73055,68,66,53
Antioquia,Mutatá,5480,692,667,550
Chocó,Bahía Solano,27075,57,56,30
Tolima,Alpujarra,73024,45,36,33
Casanare,Monterrey,85162,117,85,79
Cauca,Guapí,19318,126,118,83
Tolima,Fresno,73283,76,71,62
Cundinamarca,Paratebueno,25530,50,45,34
Vaupés,Carurú,97161,53,53,46
Meta,Mapiripán,50325,1568,1487,1252
Boyacá,Tota,15822,1,1,1
Cesar,Valledupar,20001,1305,1128,982
Casanare,Támara,85400,45,42,38
Nariño,Barbacoas,52079,289,270,240
Cesar,Chiriguaná,20178,257,211,223
Tolima,Ataco,73067,1574,1363,1096
Caldas,Anserma,17042,93,84,70
Chocó,Unión Panamericana,27810,13,13,8
Cesar,Pailitas,20517,420,379,343
Nariño,Ipiales,52356,266,256,213
Magdalena,Tenerife,47798,178,166,163
Putumayo,Orito,86320,1034,1001,949
Córdoba,Ure,23682,355,331,319
Norte Santander,Hacarí,54344,78,74,64
Risaralda,Guática,66318,75,74,53
Antioquia,Chigorodó,5172,514,476,414
Chocó,Medio San Juan,27450,20,19,20
Caquetá,Solita,18785,132,130,122
Amazonas,Leticia,91001,5,5,5
Magdalena,Guamal,47318,13,12,12
Córdoba,Tierralta,23807,958,888,800
Magdalena,Santa Marta,47001,615,553,519
Chocó,Río Quito,27600,13,12,13
Putumayo,San Miguel,86757,875,845,780
Norte Santander,Bochalema,54099,6,6,5
La Guajira,La Jagua Del Pilar,44420,12,10,12
Cauca,Sotará,19760,42,41,39
Santander,California,68132,6,4,6
Nariño,Mallama,52435,57,52,47
Cauca,El Tambo,19256,830,769,688
La Guajira,Villanueva,44874,83,76,69
Antioquia,Caucasia,5154,412,398,354
Nariño,El Charco,52250,111,104,93
Antioquia,Dabeiba,5234,613,522,393
Antioquia,Toledo,5819,30,30,23
Antioquia,Puerto Berrío,5579,85,81,68
Antioquia,Girardota,5308,48,41,28
Chocó,Bajo Baudó,27077,23,19,19
Antioquia,Buriticá,5113,25,17,20
Atlántico,Galapa,8296,8,7,8
Huila,Garzón,41298,111,91,94
Caquetá,San José Del Fragua,18610,210,197,195
Tolima,Chaparral,73168,552,451,464
Cesar,Aguachica,20011,267,257,196
Vichada,Santa Rosalía,99624,52,51,41
Antioquia,Santa Bárbara,5679,27,24,19
Santander,Zapatoca,68895,42,39,37
Antioquia,Nechí,5495,414,400,334
Córdoba,La Apartada,23350,19,19,15
Atlántico,Repelón,8606,48,45,40
Cundinamarca,Paime,25518,16,16,11
Boyacá,Puerto Boyacá,15572,84,83,68
Cauca,Caldono,19137,57,52,47
Valle Del Cauca,Dagua,76233,330,316,267
Chocó,Río Iro,27580,102,101,60
Santander,El Carmen De Chucurí,68235,372,345,307
Bolívar,Montecristo,13458,93,91,86
Caquetá,Solano,18756,230,218,215
Antioquia,Granada,5313,1301,1286,896
Santander,El Playón,68255,131,124,105
Antioquia,Necoclí,5490,746,684,573
Magdalena,Ciénaga,47189,946,799,805
Tolima,San Luis,73678,85,71,74
Meta,Puerto Gaitán,50568,680,601,510
Antioquia,Segovia,5736,149,146,120
Tolima,Ortega,73504,307,279,243
Casanare,Sácama,85315,18,18,18
Bolívar,Turbaco,13836,95,87,62
Antioquia,La Ceja,5376,9,9,7
Meta,San Juan De Arama,50683,218,202,182
Antioquia,Vegachí,5858,120,102,95
Nariño,La Unión,52399,357,355,315
Tolima,Cunday,73226,146,139,125
Cesar,Río De Oro,20614,204,157,147
Risaralda,Pueblo Rico,66572,341,308,259
Huila,San Agustín,41668,71,67,64
Antioquia,Fredonia,5282,18,15,12
Sucre,San Marcos,70708,31,29,24
Valle Del Cauca,Restrepo,76606,20,13,13
Tolima,Prado,73563,126,113,97
Chocó,Alto Baudó,27025,30,29,28
Caldas,Villamaría,17873,24,23,19
Bolívar,Mahates,13433,47,45,45
Vichada,Puerto Carreño,99001,62,58,56
Santander,Molagavita,68468,4,4,4
Antioquia,Yarumal,5887,97,89,69
Bolívar,Regidor,13580,38,33,33
Chocó,Juradó,27372,58,25,32
Bolívar,Barranco De Loba,13074,64,60,54
Santander,Floridablanca,68276,21,21,15
Antioquia,San Luis,5660,376,322,291
Meta,Granada,50313,115,101,88
Huila,Baraya,41078,242,231,196
Risaralda,Santuario,66687,58,53,50
Cundinamarca,Pulí,25580,48,47,38
Tolima,Rioblanco,73616,861,751,671
Antioquia,Amalfi,5031,126,122,97
Cesar,Bosconia,20060,72,66,63
Santander,San Vicente De Chucurí,68689,348,332,301
Nariño,Puerres,52573,12,10,11
Santander,Sabana De Torres,68655,592,530,436
Santander,Betulia,68092,114,109,99
Cesar,San Diego,20750,319,241,274
Bolívar,San Juan Nepomuceno,13657,629,597,519
Tolima,Dolores,73236,197,152,148
Cundinamarca,Yacopí,25885,320,290,239
Cesar,La Gloria,20383,527,456,486
Antioquia,Yondó,5893,269,254,213
Tolima,Ambalema,73030,78,56,52
Arauca,Fortul,81300,60,58,51
Magdalena,Sitionuevo,47745,577,450,410
Boyacá,Miraflores,15455,18,18,13
Magdalena,El Banco,47245,45,44,42
Cauca,La Vega,19397,345,316,279
Norte Santander,Chinácota,54172,7,7,7
Antioquia,Valparaíso,5856,5,5,5
Antioquia,Montebello,5467,498,471,313
Putumayo,Mocoa,86001,179,167,157
Bolívar,San Estanislao,13647,55,53,51
Cesar,Curumaní,20228,405,351,329
Huila,Algeciras,41020,234,215,203
Antioquia,Salgar,5642,107,101,89
Nariño,Santa Bárbara,52696,453,417,371
Meta,Vistahermosa,50711,972,909,792
Magdalena,Remolino,47605,749,731,594
Norte Santander,El Zulia,54261,244,222,144
Caquetá,Curillo,18205,251,243,230
Valle Del Cauca,Jamundí,76364,300,279,235
Arauca,Arauca,81001,152,141,136
Bolívar,San Jacinto,13654,1236,1107,1008
Córdoba,Canalete,23090,104,89,95
Arauca,Saravena,81736,198,189,151
Chocó,Quibdó,27001,172,162,119
La Guajira,Barrancas,44078,108,103,103
Caquetá,Puerto Rico,18592,588,556,523
Bolívar,Santa Rosa,13683,19,19,15
Chocó,Nóvita,27491,40,38,29
Antioquia,Apartadó,5045,803,745,651
Antioquia,Arboletes,5051,611,581,277
Tolima,Venadillo,73861,145,138,106
Sucre,Ovejas,70508,963,725,819
Cesar,Tamalameque,20787,187,172,137
Meta,Puerto Rico,50590,765,709,649
Córdoba,Planeta Rica,23555,50,48,38
Antioquia,Urrao,5847,236,221,165
